{
  "WorkItem": {
    "AffectedComponent": {
      "Name": "",
      "DisplayName": ""
    },
    "ClosedComment": "",
    "ClosedDate": null,
    "CommentCount": 0,
    "Custom": null,
    "Description": "Hello,\n\nWe are using your pdf merger lib, so far it's working fine but last some days I'm getting an issue like pdf not display at browser (I won't not download the pdf file). I'm a developer so i have find from where actually origin this issue.\n\nBelow is a information about my problem\nFilename : fpdf.php\nClass name : FPDF\nFunction Name : Output\n\nI'm catch in __case 'I'__ when pdf load at browser. When I comment below line then it's working fine but some page always loading not display content and I also got an error in browser console is  __\"Error: Invalid XRef stream\"__\n\n```\nheader('Content-Length: '.strlen($this->buffer));\n```\n\nI'm waiting for your favorable reply.\n\nThanks & Regards,\nSunny",
    "LastUpdatedDate": "2015-12-22T00:51:30.387-08:00",
    "PlannedForRelease": "",
    "ReleaseVisibleToPublic": false,
    "Priority": {
      "Name": "Unassigned",
      "Severity": 0,
      "Id": 0
    },
    "ProjectName": "pdfmerger",
    "ReportedDate": "2015-12-21T23:03:48.06-08:00",
    "Status": {
      "Name": "Proposed",
      "Id": 1
    },
    "ReasonClosed": {
      "Name": "Unassigned"
    },
    "Summary": "pdf not display in browser",
    "Type": {
      "Name": "Unassigned",
      "Id": 5
    },
    "VoteCount": 3,
    "Id": 9657
  },
  "FileAttachments": [
    {
      "FileId": 4648,
      "FileName": "batch-print-ship-label.php 2015-12-22 12-33-01.png",
      "DownloadUrl": ".\\4648"
    }
  ],
  "Comments": []
}