{
  "WorkItem": {
    "AffectedComponent": {
      "Name": "",
      "DisplayName": ""
    },
    "ClosedComment": "",
    "ClosedDate": null,
    "CommentCount": 0,
    "Custom": null,
    "Description": "When i merge the PDF`s with Bookmarks its not importing the bookmarks into the merged PDF please update me asap on this issue. I need it urgently.\n\nThanks,\nAbhiram.",
    "LastUpdatedDate": "2013-05-27T00:02:57.55-07:00",
    "PlannedForRelease": "",
    "ReleaseVisibleToPublic": false,
    "Priority": {
      "Name": "Unassigned",
      "Severity": 0,
      "Id": 0
    },
    "ProjectName": "pdfmerger",
    "ReportedDate": "2013-05-27T00:02:57.55-07:00",
    "Status": {
      "Name": "Proposed",
      "Id": 1
    },
    "ReasonClosed": {
      "Name": "Unassigned"
    },
    "Summary": "Bookmark issue",
    "Type": {
      "Name": "Unassigned",
      "Id": 5
    },
    "VoteCount": 1,
    "Id": 8769
  },
  "FileAttachments": [],
  "Comments": []
}