{
  "WorkItem": {
    "AffectedComponent": {
      "Name": "",
      "DisplayName": ""
    },
    "ClosedComment": "",
    "ClosedDate": null,
    "CommentCount": 0,
    "Custom": null,
    "Description": "after executing \n#php sample.php\n \nPHP Fatal error:  Uncaught exception 'Exception' with message 'Error outputting PDF to 'file'.' in /home/runman/PDFMerger/PDFMerger.php:124\nStack trace:\n#0 /home/runman/PDFMerger/sample.php(9): PDFMerger->merge('file', 'samplepdfs/TEST...')\n#1 {main}\n  thrown in /home/runman/PDFMerger/PDFMerger.php on line 124\n \nTEST2.pdf file after looks ok, but what is with error ?",
    "LastUpdatedDate": "2014-01-14T19:53:16.777-08:00",
    "PlannedForRelease": "",
    "ReleaseVisibleToPublic": false,
    "Priority": {
      "Name": "Low",
      "Severity": 50,
      "Id": 1
    },
    "ProjectName": "pdfmerger",
    "ReportedDate": "2011-10-26T08:58:57.137-07:00",
    "Status": {
      "Name": "Proposed",
      "Id": 1
    },
    "ReasonClosed": {
      "Name": "Unassigned"
    },
    "Summary": "Error when executing...",
    "Type": {
      "Name": "Issue",
      "Id": 3
    },
    "VoteCount": 2,
    "Id": 7390
  },
  "FileAttachments": [],
  "Comments": [
    {
      "Message": "The error has to do with the return value for the Output function.  The if statement in the PDFMerger.php file on line 118 is \"if($fpdi->Output($outputpath, $mode))\", but Output returns '' not a true/false.  I changed the line 118 to read \"\"if($fpdi->Output($outputpath, $mode) == '')\" and it stopped returning the error.",
      "PostedDate": "2012-03-17T12:35:17.107-07:00",
      "Id": -2147483648
    },
    {
      "Message": "You are the man. Thank you, this saved me some headaches!",
      "PostedDate": "2013-01-30T10:37:54.77-08:00",
      "Id": -2147483648
    },
    {
      "Message": "",
      "PostedDate": "2013-02-21T15:52:03.463-08:00",
      "Id": -2147483648
    },
    {
      "Message": "",
      "PostedDate": "2014-01-14T19:53:16.777-08:00",
      "Id": -2147483648
    }
  ]
}