{
  "WorkItem": {
    "AffectedComponent": {
      "Name": "",
      "DisplayName": ""
    },
    "ClosedComment": "",
    "ClosedDate": null,
    "CommentCount": 0,
    "Custom": null,
    "Description": "When i tried to run it as the example web browser say \n\"Parse error:syntax error, unexpected 'new' (T_NEW) in PDFMerger/fpdi/fpdi.php on line 88\"",
    "LastUpdatedDate": "2017-02-02T05:13:23.497-08:00",
    "PlannedForRelease": "",
    "ReleaseVisibleToPublic": false,
    "Priority": {
      "Name": "Unassigned",
      "Severity": 0,
      "Id": 0
    },
    "ProjectName": "pdfmerger",
    "ReportedDate": "2017-02-02T05:13:23.497-08:00",
    "Status": {
      "Name": "Proposed",
      "Id": 1
    },
    "ReasonClosed": {
      "Name": "Unassigned"
    },
    "Summary": "not working unexpected 'new' on fpdi line 88",
    "Type": {
      "Name": "Unassigned",
      "Id": 5
    },
    "VoteCount": 1,
    "Id": 9713
  },
  "FileAttachments": [],
  "Comments": []
}