{
  "WorkItem": {
    "AffectedComponent": {
      "Name": "",
      "DisplayName": ""
    },
    "ClosedComment": "",
    "ClosedDate": null,
    "CommentCount": 0,
    "Custom": null,
    "Description": "Hi,\n\nUsing PHP 5.4.0 on a Windows Server IIS 8. (http://dev.systems.stifirestop.com/v4.2/sandbox/info.php).\n\nerror_reporting(E_ALL);\nini_set('display_errors', 1);\n\nI get the following errors on http://dev.systems.stifirestop.com/v4.6/api/lib/PDFMerger/sample.php.\n\nThe merged PDF gets saved. Should I be concerned with the errors below, especially the Fatal Error at the bottom.\n\n\nDeprecated: Assigning the return value of new by reference is deprecated in C:\\inetpub\\wwwroot\\dev.systems.stifirestop.com\\v4.6\\api\\lib\\PDFMerger\\fpdi\\fpdi.php on line 88\n\nStrict Standards: Declaration of FPDF_TPL::Image() should be compatible with FPDF::Image($file, $x = NULL, $y = NULL, $w = 0, $h = 0, $type = '', $link = '') in C:\\inetpub\\wwwroot\\dev.systems.stifirestop.com\\v4.6\\api\\lib\\PDFMerger\\fpdi\\fpdf_tpl.php on line 409\n\nDeprecated: Assigning the return value of new by reference is deprecated in C:\\inetpub\\wwwroot\\dev.systems.stifirestop.com\\v4.6\\api\\lib\\PDFMerger\\fpdi\\fpdi_pdf_parser.php on line 239\n\nDeprecated: Assigning the return value of new by reference is deprecated in C:\\inetpub\\wwwroot\\dev.systems.stifirestop.com\\v4.6\\api\\lib\\PDFMerger\\fpdi\\fpdi_pdf_parser.php on line 244\n\nDeprecated: Assigning the return value of new by reference is deprecated in C:\\inetpub\\wwwroot\\dev.systems.stifirestop.com\\v4.6\\api\\lib\\PDFMerger\\fpdi\\pdf_parser.php on line 104\n\nDeprecated: Assigning the return value of new by reference is deprecated in C:\\inetpub\\wwwroot\\dev.systems.stifirestop.com\\v4.6\\api\\lib\\PDFMerger\\fpdi\\pdf_parser.php on line 217\n\nDeprecated: Assigning the return value of new by reference is deprecated in C:\\inetpub\\wwwroot\\dev.systems.stifirestop.com\\v4.6\\api\\lib\\PDFMerger\\fpdi\\pdf_parser.php on line 297\n\nDeprecated: Assigning the return value of new by reference is deprecated in C:\\inetpub\\wwwroot\\dev.systems.stifirestop.com\\v4.6\\api\\lib\\PDFMerger\\fpdi\\pdf_parser.php on line 448\n\nFatal error: Uncaught exception 'Exception' with message 'Error outputting PDF to 'file'.' in C:\\inetpub\\wwwroot\\dev.systems.stifirestop.com\\v4.6\\api\\lib\\PDFMerger\\PDFMerger.php:124 Stack trace: #0 C:\\inetpub\\wwwroot\\dev.systems.stifirestop.com\\v4.6\\api\\lib\\PDFMerger\\sample.php(13): PDFMerger->merge('file', 'samplepdfs/TEST...') #1 {main} thrown in C:\\inetpub\\wwwroot\\dev.systems.stifirestop.com\\v4.6\\api\\lib\\PDFMerger\\PDFMerger.php on line 124",
    "LastUpdatedDate": "2014-12-11T11:10:47.487-08:00",
    "PlannedForRelease": "",
    "ReleaseVisibleToPublic": false,
    "Priority": {
      "Name": "Unassigned",
      "Severity": 0,
      "Id": 0
    },
    "ProjectName": "pdfmerger",
    "ReportedDate": "2014-12-11T11:10:47.487-08:00",
    "Status": {
      "Name": "Proposed",
      "Id": 1
    },
    "ReasonClosed": {
      "Name": "Unassigned"
    },
    "Summary": "PHP Errors using PHP 5.4.0",
    "Type": {
      "Name": "Unassigned",
      "Id": 5
    },
    "VoteCount": 1,
    "Id": 9477
  },
  "FileAttachments": [],
  "Comments": []
}